Sample in Buffer,Sample in Window,TRIGGER,design_1_i/compress_0_WC_TDATA[31:0],design_1_i/compress_0_WC_TVALID
0,0,0,00000000000000000000000000110000,1
1,1,0,00000000000000000000000000110001,1
2,2,0,00000000000000000000000000110010,1
3,3,0,00000000000000000000000000110011,1
4,4,0,00000000000000000000000000110100,1
5,5,0,00000000000000000000000000110101,1
6,6,0,00000000000000000000000000110110,1
7,7,0,00000000000000000000000000110111,1
8,8,0,00000000000000000000000000111000,1
9,9,0,00000000000000000000000000111001,1
10,10,0,00000000000000000000000000111010,1
11,11,0,00000000000000000000000000111011,1
12,12,0,00000000000000000000000000111100,1
13,13,0,00000000000000000000000000111101,1
14,14,0,00000000000000000000000000111110,1
15,15,0,00000000000000000000000000111111,1
16,16,0,00000000000000000000000001000000,1
17,17,0,00000000000000000000000001000001,1
18,18,0,00000000000000000000000001000010,1
19,19,0,00000000000000000000000001000011,1
20,20,0,00000000000000000000000001000100,1
21,21,0,00000000000000000000000001000011,1
22,22,0,00000000000000000000000001000010,1
23,23,0,00000000000000000000000001000001,1
24,24,0,00000000000000000000000001000000,1
25,25,0,00000000000000000000000000111111,1
26,26,0,00000000000000000000000000111110,1
27,27,0,00000000000000000000000000111101,1
28,28,0,00000000000000000000000000111100,1
29,29,0,00000000000000000000000000111011,1
30,30,0,00000000000000000000000000111010,1
31,31,0,00000000000000000000000000111001,1
32,32,0,00000000000000000000000000111000,1
33,33,0,00000000000000000000000000110111,1
34,34,0,00000000000000000000000000110110,1
35,35,0,00000000000000000000000000110101,1
36,36,0,00000000000000000000000000110100,1
37,37,0,00000000000000000000000000110011,1
38,38,0,00000000000000000000000000110010,1
39,39,0,00000000000000000000000000110001,1
40,40,0,11111111111111111111111111111111,1
41,41,0,00000000000000000000001111101001,1
42,42,0,11111111111111111111111111111111,1
43,43,0,00000000000000000000001111101011,1
44,44,0,11111111111111111111111111111111,1
45,45,0,00000000000000000000001111101101,1
46,46,0,11111111111111111111111111111111,1
47,47,0,00000000000000000000001111101111,1
48,48,0,11111111111111111111111111111111,1
49,49,0,00000000000000000000001111110001,1
50,50,0,11111111111111111111111111111111,1
51,51,0,00000000000000000000001111110011,1
52,52,0,11111111111111111111111111111111,1
53,53,0,00000000000000000000001111110101,1
54,54,0,11111111111111111111111111111111,1
55,55,0,00000000000000000000001111110111,1
56,56,0,11111111111111111111111111111111,1
57,57,0,00000000000000000000001111111001,1
58,58,0,11111111111111111111111111111111,1
59,59,0,00000000000000000000001111111011,1
60,60,0,11111111111111111111111111111111,1
61,61,0,00000000000000000000001111111101,1
62,62,0,11111111111111111111111111111111,1
63,63,0,00000000000000000000001111111111,1
64,64,0,11111111111111111111111111111111,1
65,65,0,00000000000000000000010000000001,1
66,66,0,11111111111111111111111111111111,1
67,67,0,00000000000000000000010000000011,1
68,68,0,11111111111111111111111111111111,1
69,69,0,00000000000000000000010000000101,1
70,70,0,11111111111111111111111111111111,1
71,71,0,00000000000000000000010000000111,1
72,72,0,11111111111111111111111111111111,1
73,73,0,00000000000000000000010000001001,1
74,74,0,11111111111111111111111111111111,1
75,75,0,00000000000000000000010000001011,1
76,76,0,11111111111111111111111111111111,1
77,77,0,00000000000000000000010000001101,1
78,78,0,11111111111111111111111111111111,1
79,79,0,00000000000000000000010000001111,1
80,80,0,11111111111111111111111111111111,1
81,81,0,11111111111111111111111111111111,1
82,82,0,00000000000000000000010000010001,1
83,83,0,11111111111111111111111111111111,1
84,84,0,00000000000000000000001111101100,1
85,85,0,11111111111111111111111111111111,1
86,86,0,00000000000000000000001111101110,1
87,87,0,11111111111111111111111111111111,1
88,88,0,00000000000000000000001111110000,1
89,89,0,11111111111111111111111111111111,1
90,90,0,00000000000000000000001111110010,1
91,91,0,11111111111111111111111111111111,1
92,92,0,00000000000000000000001111110100,1
93,93,0,11111111111111111111111111111111,1
94,94,0,00000000000000000000001111110110,1
95,95,0,11111111111111111111111111111111,1
96,96,0,00000000000000000000001111111000,1
97,97,0,11111111111111111111111111111111,1
98,98,0,00000000000000000000001111111010,1
99,99,0,11111111111111111111111111111111,1
100,100,0,00000000000000000000001111111100,1
101,101,0,11111111111111111111111111111111,1
102,102,0,00000000000000000000001111111110,1
103,103,0,11111111111111111111111111111111,1
104,104,0,00000000000000000000010000000000,1
105,105,0,11111111111111111111111111111111,1
106,106,0,00000000000000000000010000000010,1
107,107,0,11111111111111111111111111111111,1
108,108,0,00000000000000000000010000000100,1
109,109,0,11111111111111111111111111111111,1
110,110,0,00000000000000000000010000000110,1
111,111,0,11111111111111111111111111111111,1
112,112,0,00000000000000000000010000001000,1
113,113,0,11111111111111111111111111111111,1
114,114,0,00000000000000000000010000001010,1
115,115,0,11111111111111111111111111111111,1
116,116,0,00000000000000000000010000001100,1
117,117,0,11111111111111111111111111111111,1
118,118,0,00000000000000000000010000001110,1
119,119,0,11111111111111111111111111111111,1
120,120,0,00000000000000000000010000010000,1
121,121,0,11111111111111111111111111111111,1
122,122,0,00000000000000000000001111101010,1
123,123,0,11111111111111111111111111111111,1
124,124,0,11111111111111111111111111111111,1
125,125,0,00000000000000000000010000100110,1
126,126,0,11111111111111111111111111111111,1
127,127,0,11111111111111111111111111111111,1
128,128,0,00000000000000000000010000010100,1
129,129,0,11111111111111111111111111111111,1
130,130,0,11111111111111111111111111111111,1
131,131,0,00000000000000000000010000101001,1
132,132,0,11111111111111111111111111111111,1
133,133,0,11111111111111111111111111111111,1
134,134,0,00000000000000000000010000010111,1
135,135,0,11111111111111111111111111111111,1
136,136,0,11111111111111111111111111111111,1
137,137,0,00000000000000000000010000101100,1
138,138,0,11111111111111111111111111111111,1
139,139,0,11111111111111111111111111111111,1
140,140,0,00000000000000000000010000011010,1
141,141,0,11111111111111111111111111111111,1
142,142,0,11111111111111111111111111111111,1
143,143,0,00000000000000000000010000101111,1
144,144,0,11111111111111111111111111111111,1
145,145,0,11111111111111111111111111111111,1
146,146,0,00000000000000000000010000011101,1
147,147,0,11111111111111111111111111111111,1
148,148,0,11111111111111111111111111111111,1
149,149,0,00000000000000000000010000110010,1
150,150,0,11111111111111111111111111111111,1
151,151,0,11111111111111111111111111111111,1
152,152,0,00000000000000000000010000100000,1
153,153,0,11111111111111111111111111111111,1
154,154,0,11111111111111111111111111111111,1
155,155,0,00000000000000000000010000110101,1
156,156,0,11111111111111111111111111111111,1
157,157,0,11111111111111111111111111111111,1
158,158,0,00000000000000000000010000100011,1
159,159,0,11111111111111111111111111111111,1
160,160,0,11111111111111111111111111111111,1
161,161,0,00000000000000000000010000111000,1
162,162,0,11111111111111111111111111111111,1
163,163,0,11111111111111111111111111111111,1
164,164,0,00000000000000000000010000010010,1
165,165,0,11111111111111111111111111111111,1
166,166,0,11111111111111111111111111111111,1
167,167,0,00000000000000000000010000100111,1
168,168,0,11111111111111111111111111111111,1
169,169,0,11111111111111111111111111111111,1
170,170,0,00000000000000000000010000010101,1
171,171,0,11111111111111111111111111111111,1
172,172,0,11111111111111111111111111111111,1
173,173,0,00000000000000000000010000101010,1
174,174,0,11111111111111111111111111111111,1
175,175,0,11111111111111111111111111111111,1
176,176,0,00000000000000000000010000011000,1
177,177,0,11111111111111111111111111111111,1
178,178,0,11111111111111111111111111111111,1
179,179,0,00000000000000000000010000101101,1
180,180,0,11111111111111111111111111111111,1
181,181,0,11111111111111111111111111111111,1
182,182,0,00000000000000000000010000011011,1
183,183,0,11111111111111111111111111111111,1
184,184,0,11111111111111111111111111111111,1
185,185,0,00000000000000000000010000110000,1
186,186,0,11111111111111111111111111111111,1
187,187,0,11111111111111111111111111111111,1
188,188,0,00000000000000000000010000011110,1
189,189,0,11111111111111111111111111111111,1
190,190,0,11111111111111111111111111111111,1
191,191,0,00000000000000000000010000110011,1
192,192,0,11111111111111111111111111111111,1
193,193,0,11111111111111111111111111111111,1
194,194,0,00000000000000000000010000100001,1
195,195,0,11111111111111111111111111111111,1
196,196,0,11111111111111111111111111111111,1
197,197,0,00000000000000000000010000110110,1
198,198,0,11111111111111111111111111111111,1
199,199,0,11111111111111111111111111111111,1
200,200,0,00000000000000000000010000100100,1
201,201,0,11111111111111111111111111111111,1
202,202,0,11111111111111111111111111111111,1
203,203,0,00000000000000000000010000111001,1
204,204,0,11111111111111111111111111111111,1
205,205,0,11111111111111111111111111111111,1
206,206,0,00000000000000000000010000010011,1
207,207,0,11111111111111111111111111111111,1
208,208,0,11111111111111111111111111111111,1
209,209,0,00000000000000000000010000101000,1
210,210,0,11111111111111111111111111111111,1
211,211,0,11111111111111111111111111111111,1
212,212,0,00000000000000000000010000010110,1
213,213,0,11111111111111111111111111111111,1
214,214,0,11111111111111111111111111111111,1
215,215,0,00000000000000000000010000101011,1
216,216,0,11111111111111111111111111111111,1
217,217,0,11111111111111111111111111111111,1
218,218,0,00000000000000000000010000011001,1
219,219,0,11111111111111111111111111111111,1
220,220,0,11111111111111111111111111111111,1
221,221,0,00000000000000000000010000101110,1
222,222,0,11111111111111111111111111111111,1
223,223,0,11111111111111111111111111111111,1
224,224,0,00000000000000000000010000011100,1
225,225,0,11111111111111111111111111111111,1
226,226,0,11111111111111111111111111111111,1
227,227,0,00000000000000000000010000110001,1
228,228,0,11111111111111111111111111111111,1
229,229,0,11111111111111111111111111111111,1
230,230,0,00000000000000000000010000011111,1
231,231,0,11111111111111111111111111111111,1
232,232,0,11111111111111111111111111111111,1
233,233,0,00000000000000000000010000110100,1
234,234,0,11111111111111111111111111111111,1
235,235,0,11111111111111111111111111111111,1
236,236,0,00000000000000000000010000100010,1
237,237,0,11111111111111111111111111111111,1
238,238,0,11111111111111111111111111111111,1
239,239,0,00000000000000000000010000110111,1
240,240,0,11111111111111111111111111111111,1
241,241,0,11111111111111111111111111111111,1
242,242,0,11111111111111111111111111111111,1
243,243,0,00000000000000000000010000100101,1
244,244,0,11111111111111111111111111111111,1
245,245,0,11111111111111111111111111111111,1
246,246,0,11111111111111111111111111111111,1
247,247,0,00000000000000000000010001010101,1
248,248,0,11111111111111111111111111111111,1
249,249,0,11111111111111111111111111111111,1
250,250,0,11111111111111111111111111111111,1
251,251,0,00000000000000000000010001001001,1
252,252,0,11111111111111111111111111111111,1
253,253,0,11111111111111111111111111111111,1
254,254,0,11111111111111111111111111111111,1
255,255,0,00000000000000000000010000111101,1
256,256,0,11111111111111111111111111111111,1
257,257,0,11111111111111111111111111111111,1
258,258,0,11111111111111111111111111111111,1
259,259,0,00000000000000000000010001011001,1
260,260,0,11111111111111111111111111111111,1
261,261,0,11111111111111111111111111111111,1
262,262,0,11111111111111111111111111111111,1
263,263,0,00000000000000000000010001001101,1
264,264,0,11111111111111111111111111111111,1
265,265,0,11111111111111111111111111111111,1
266,266,0,11111111111111111111111111111111,1
267,267,0,00000000000000000000010001000001,1
268,268,0,11111111111111111111111111111111,1
269,269,0,11111111111111111111111111111111,1
270,270,0,11111111111111111111111111111111,1
271,271,0,00000000000000000000010001011101,1
272,272,0,11111111111111111111111111111111,1
273,273,0,11111111111111111111111111111111,1
274,274,0,11111111111111111111111111111111,1
275,275,0,00000000000000000000010001010001,1
276,276,0,11111111111111111111111111111111,1
277,277,0,11111111111111111111111111111111,1
278,278,0,11111111111111111111111111111111,1
279,279,0,00000000000000000000010001000101,1
280,280,0,11111111111111111111111111111111,1
281,281,0,11111111111111111111111111111111,1
282,282,0,11111111111111111111111111111111,1
283,283,0,11111111111111111111111111111111,1
284,284,0,00000000000000000000010001100001,1
285,285,0,11111111111111111111111111111111,1
286,286,0,11111111111111111111111111111111,1
287,287,0,11111111111111111111111111111111,1
288,288,0,00000000000000000000010001001000,1
289,289,0,11111111111111111111111111111111,1
290,290,0,11111111111111111111111111111111,1
291,291,0,11111111111111111111111111111111,1
292,292,0,00000000000000000000010000111100,1
293,293,0,11111111111111111111111111111111,1
294,294,0,11111111111111111111111111111111,1
295,295,0,11111111111111111111111111111111,1
296,296,0,00000000000000000000010001011000,1
297,297,0,11111111111111111111111111111111,1
298,298,0,11111111111111111111111111111111,1
299,299,0,11111111111111111111111111111111,1
300,300,0,00000000000000000000010001001100,1
301,301,0,11111111111111111111111111111111,1
302,302,0,11111111111111111111111111111111,1
303,303,0,11111111111111111111111111111111,1
304,304,0,00000000000000000000010001000000,1
305,305,0,11111111111111111111111111111111,1
306,306,0,11111111111111111111111111111111,1
307,307,0,11111111111111111111111111111111,1
308,308,0,00000000000000000000010001011100,1
309,309,0,11111111111111111111111111111111,1
310,310,0,11111111111111111111111111111111,1
311,311,0,11111111111111111111111111111111,1
312,312,0,00000000000000000000010001010000,1
313,313,0,11111111111111111111111111111111,1
314,314,0,11111111111111111111111111111111,1
315,315,0,11111111111111111111111111111111,1
316,316,0,00000000000000000000010001000100,1
317,317,0,11111111111111111111111111111111,1
318,318,0,11111111111111111111111111111111,1
319,319,0,11111111111111111111111111111111,1
320,320,0,00000000000000000000010001100000,1
321,321,0,11111111111111111111111111111111,1
322,322,0,11111111111111111111111111111111,1
323,323,0,11111111111111111111111111111111,1
324,324,0,00000000000000000000010001010100,1
325,325,0,11111111111111111111111111111111,1
326,326,0,11111111111111111111111111111111,1
327,327,0,11111111111111111111111111111111,1
328,328,0,11111111111111111111111111111111,1
329,329,0,00000000000000000000010001101100,1
330,330,0,11111111111111111111111111111111,1
331,331,0,11111111111111111111111111111111,1
332,332,0,11111111111111111111111111111111,1
333,333,0,00000000000000000000010001010111,1
334,334,0,11111111111111111111111111111111,1
335,335,0,11111111111111111111111111111111,1
336,336,0,11111111111111111111111111111111,1
337,337,0,00000000000000000000010001001011,1
338,338,0,11111111111111111111111111111111,1
339,339,0,11111111111111111111111111111111,1
340,340,0,11111111111111111111111111111111,1
341,341,0,00000000000000000000010000111111,1
342,342,0,11111111111111111111111111111111,1
343,343,0,11111111111111111111111111111111,1
344,344,0,11111111111111111111111111111111,1
345,345,0,00000000000000000000010001011011,1
346,346,0,11111111111111111111111111111111,1
347,347,0,11111111111111111111111111111111,1
348,348,0,11111111111111111111111111111111,1
349,349,0,00000000000000000000010001001111,1
350,350,0,11111111111111111111111111111111,1
351,351,0,11111111111111111111111111111111,1
352,352,0,11111111111111111111111111111111,1
353,353,0,00000000000000000000010001000011,1
354,354,0,11111111111111111111111111111111,1
355,355,0,11111111111111111111111111111111,1
356,356,0,11111111111111111111111111111111,1
357,357,0,00000000000000000000010001011111,1
358,358,0,11111111111111111111111111111111,1
359,359,0,11111111111111111111111111111111,1
360,360,0,11111111111111111111111111111111,1
361,361,0,00000000000000000000010001010011,1
362,362,0,11111111111111111111111111111111,1
363,363,0,11111111111111111111111111111111,1
364,364,0,11111111111111111111111111111111,1
365,365,0,00000000000000000000010001000111,1
366,366,0,11111111111111111111111111111111,1
367,367,0,11111111111111111111111111111111,1
368,368,0,11111111111111111111111111111111,1
369,369,0,00000000000000000000010000111011,1
370,370,0,11111111111111111111111111111111,1
371,371,0,11111111111111111111111111111111,1
372,372,0,11111111111111111111111111111111,1
373,373,0,11111111111111111111111111111111,1
374,374,0,00000000000000000000010001110111,1
375,375,0,11111111111111111111111111111111,1
376,376,0,11111111111111111111111111111111,1
377,377,0,11111111111111111111111111111111,1
378,378,0,00000000000000000000010000111110,1
379,379,0,11111111111111111111111111111111,1
380,380,0,11111111111111111111111111111111,1
381,381,0,11111111111111111111111111111111,1
382,382,0,00000000000000000000010001011010,1
383,383,0,11111111111111111111111111111111,1
384,384,0,11111111111111111111111111111111,1
385,385,0,11111111111111111111111111111111,1
386,386,0,00000000000000000000010001001110,1
387,387,0,11111111111111111111111111111111,1
388,388,0,11111111111111111111111111111111,1
389,389,0,11111111111111111111111111111111,1
390,390,0,00000000000000000000010001000010,1
391,391,0,11111111111111111111111111111111,1
392,392,0,11111111111111111111111111111111,1
393,393,0,11111111111111111111111111111111,1
394,394,0,00000000000000000000010001011110,1
395,395,0,11111111111111111111111111111111,1
396,396,0,11111111111111111111111111111111,1
397,397,0,11111111111111111111111111111111,1
398,398,0,00000000000000000000010001010010,1
399,399,0,11111111111111111111111111111111,1
400,400,0,11111111111111111111111111111111,1
401,401,0,11111111111111111111111111111111,1
402,402,0,00000000000000000000010001000110,1
403,403,0,11111111111111111111111111111111,1
404,404,0,11111111111111111111111111111111,1
405,405,0,11111111111111111111111111111111,1
406,406,0,00000000000000000000010000111010,1
407,407,0,11111111111111111111111111111111,1
408,408,0,11111111111111111111111111111111,1
409,409,0,11111111111111111111111111111111,1
410,410,0,00000000000000000000010001010110,1
411,411,0,11111111111111111111111111111111,1
412,412,0,11111111111111111111111111111111,1
413,413,0,11111111111111111111111111111111,1
414,414,0,00000000000000000000010001001010,1
415,415,0,11111111111111111111111111111111,1
416,416,0,11111111111111111111111111111111,1
417,417,0,11111111111111111111111111111111,1
418,418,0,11111111111111111111111111111111,1
419,419,0,00000000000000000000010010000010,1
420,420,0,11111111111111111111111111111111,1
421,421,0,11111111111111111111111111111111,1
422,422,0,11111111111111111111111111111111,1
423,423,0,11111111111111111111111111111111,1
424,424,0,00000000000000000000010001100110,1
425,425,0,11111111111111111111111111111111,1
426,426,0,11111111111111111111111111111111,1
427,427,0,11111111111111111111111111111111,1
428,428,0,11111111111111111111111111111111,1
429,429,0,00000000000000000000010001110001,1
430,430,0,11111111111111111111111111111111,1
431,431,0,11111111111111111111111111111111,1
432,432,0,11111111111111111111111111111111,1
433,433,0,11111111111111111111111111111111,1
434,434,0,00000000000000000000010001111100,1
435,435,0,11111111111111111111111111111111,1
436,436,0,11111111111111111111111111111111,1
437,437,0,11111111111111111111111111111111,1
438,438,0,11111111111111111111111111111111,1
439,439,0,00000000000000000000010010000111,1
440,440,0,11111111111111111111111111111111,1
441,441,0,11111111111111111111111111111111,1
442,442,0,11111111111111111111111111111111,1
443,443,0,11111111111111111111111111111111,1
444,444,0,11111111111111111111111111111111,1
445,445,0,00000000000000000000010001101011,1
446,446,0,11111111111111111111111111111111,1
447,447,0,11111111111111111111111111111111,1
448,448,0,11111111111111111111111111111111,1
449,449,0,11111111111111111111111111111111,1
450,450,0,00000000000000000000010010000000,1
451,451,0,11111111111111111111111111111111,1
452,452,0,11111111111111111111111111111111,1
453,453,0,11111111111111111111111111111111,1
454,454,0,11111111111111111111111111111111,1
455,455,0,00000000000000000000010010001011,1
456,456,0,11111111111111111111111111111111,1
457,457,0,11111111111111111111111111111111,1
458,458,0,11111111111111111111111111111111,1
459,459,0,11111111111111111111111111111111,1
460,460,0,00000000000000000000010001100101,1
461,461,0,11111111111111111111111111111111,1
462,462,0,11111111111111111111111111111111,1
463,463,0,11111111111111111111111111111111,1
464,464,0,11111111111111111111111111111111,1
465,465,0,00000000000000000000010001110000,1
466,466,0,11111111111111111111111111111111,1
467,467,0,11111111111111111111111111111111,1
468,468,0,11111111111111111111111111111111,1
469,469,0,11111111111111111111111111111111,1
470,470,0,00000000000000000000010001111011,1
471,471,0,11111111111111111111111111111111,1
472,472,0,11111111111111111111111111111111,1
473,473,0,11111111111111111111111111111111,1
474,474,0,11111111111111111111111111111111,1
475,475,0,00000000000000000000010010000110,1
476,476,0,11111111111111111111111111111111,1
477,477,0,11111111111111111111111111111111,1
478,478,0,11111111111111111111111111111111,1
479,479,0,11111111111111111111111111111111,1
480,480,0,00000000000000000000010001101010,1
481,481,0,11111111111111111111111111111111,1
482,482,0,11111111111111111111111111111111,1
483,483,0,11111111111111111111111111111111,1
484,484,0,11111111111111111111111111111111,1
485,485,0,00000000000000000000010001110101,1
486,486,0,11111111111111111111111111111111,1
487,487,0,11111111111111111111111111111111,1
488,488,0,11111111111111111111111111111111,1
489,489,0,11111111111111111111111111111111,1
490,490,0,11111111111111111111111111111111,1
491,491,0,00000000000000000000010010010010,1
492,492,0,11111111111111111111111111111111,1
493,493,0,11111111111111111111111111111111,1
494,494,0,11111111111111111111111111111111,1
495,495,0,11111111111111111111111111111111,1
496,496,0,00000000000000000000010001100100,1
497,497,0,11111111111111111111111111111111,1
498,498,0,11111111111111111111111111111111,1
499,499,0,11111111111111111111111111111111,1
500,500,1,11111111111111111111111111111111,1
501,501,0,00000000000000000000010001101111,1
502,502,0,11111111111111111111111111111111,1
503,503,0,11111111111111111111111111111111,1
504,504,0,11111111111111111111111111111111,1
505,505,0,11111111111111111111111111111111,1
506,506,0,00000000000000000000010001111010,1
507,507,0,11111111111111111111111111111111,1
508,508,0,11111111111111111111111111111111,1
509,509,0,11111111111111111111111111111111,1
510,510,0,11111111111111111111111111111111,1
511,511,0,00000000000000000000010010000101,1
512,512,0,11111111111111111111111111111111,1
513,513,0,11111111111111111111111111111111,1
514,514,0,11111111111111111111111111111111,1
515,515,0,11111111111111111111111111111111,1
516,516,0,00000000000000000000010001101001,1
517,517,0,11111111111111111111111111111111,1
518,518,0,11111111111111111111111111111111,1
519,519,0,11111111111111111111111111111111,1
520,520,0,11111111111111111111111111111111,1
521,521,0,00000000000000000000010001110100,1
522,522,0,11111111111111111111111111111111,1
523,523,0,11111111111111111111111111111111,1
524,524,0,11111111111111111111111111111111,1
525,525,0,11111111111111111111111111111111,1
526,526,0,00000000000000000000010001111111,1
527,527,0,11111111111111111111111111111111,1
528,528,0,11111111111111111111111111111111,1
529,529,0,11111111111111111111111111111111,1
530,530,0,11111111111111111111111111111111,1
531,531,0,00000000000000000000010010001010,1
532,532,0,11111111111111111111111111111111,1
533,533,0,11111111111111111111111111111111,1
534,534,0,11111111111111111111111111111111,1
535,535,0,11111111111111111111111111111111,1
536,536,0,11111111111111111111111111111111,1
537,537,0,00000000000000000000010010011011,1
538,538,0,11111111111111111111111111111111,1
539,539,0,11111111111111111111111111111111,1
540,540,0,11111111111111111111111111111111,1
541,541,0,11111111111111111111111111111111,1
542,542,0,00000000000000000000010001111001,1
543,543,0,11111111111111111111111111111111,1
544,544,0,11111111111111111111111111111111,1
545,545,0,11111111111111111111111111111111,1
546,546,0,11111111111111111111111111111111,1
547,547,0,00000000000000000000010010000100,1
548,548,0,11111111111111111111111111111111,1
549,549,0,11111111111111111111111111111111,1
550,550,0,11111111111111111111111111111111,1
551,551,0,11111111111111111111111111111111,1
552,552,0,00000000000000000000010001101000,1
553,553,0,11111111111111111111111111111111,1
554,554,0,11111111111111111111111111111111,1
555,555,0,11111111111111111111111111111111,1
556,556,0,11111111111111111111111111111111,1
557,557,0,00000000000000000000010001110011,1
558,558,0,11111111111111111111111111111111,1
559,559,0,11111111111111111111111111111111,1
560,560,0,11111111111111111111111111111111,1
561,561,0,11111111111111111111111111111111,1
562,562,0,00000000000000000000010001111110,1
563,563,0,11111111111111111111111111111111,1
564,564,0,11111111111111111111111111111111,1
565,565,0,11111111111111111111111111111111,1
566,566,0,11111111111111111111111111111111,1
567,567,0,00000000000000000000010010001001,1
568,568,0,11111111111111111111111111111111,1
569,569,0,11111111111111111111111111111111,1
570,570,0,11111111111111111111111111111111,1
571,571,0,11111111111111111111111111111111,1
572,572,0,00000000000000000000010001100011,1
573,573,0,11111111111111111111111111111111,1
574,574,0,11111111111111111111111111111111,1
575,575,0,11111111111111111111111111111111,1
576,576,0,11111111111111111111111111111111,1
577,577,0,00000000000000000000010001101110,1
578,578,0,11111111111111111111111111111111,1
579,579,0,11111111111111111111111111111111,1
580,580,0,11111111111111111111111111111111,1
581,581,0,11111111111111111111111111111111,1
582,582,0,11111111111111111111111111111111,1
583,583,0,00000000000000000000010010100100,1
584,584,0,11111111111111111111111111111111,1
585,585,0,11111111111111111111111111111111,1
586,586,0,11111111111111111111111111111111,1
587,587,0,11111111111111111111111111111111,1
588,588,0,00000000000000000000010001100111,1
589,589,0,11111111111111111111111111111111,1
590,590,0,11111111111111111111111111111111,1
591,591,0,11111111111111111111111111111111,1
592,592,0,11111111111111111111111111111111,1
593,593,0,00000000000000000000010001110010,1
594,594,0,11111111111111111111111111111111,1
595,595,0,11111111111111111111111111111111,1
596,596,0,11111111111111111111111111111111,1
597,597,0,11111111111111111111111111111111,1
598,598,0,00000000000000000000010001111101,1
599,599,0,11111111111111111111111111111111,1
600,600,0,11111111111111111111111111111111,1
601,601,0,11111111111111111111111111111111,1
602,602,0,11111111111111111111111111111111,1
603,603,0,00000000000000000000010010001000,1
604,604,0,11111111111111111111111111111111,1
605,605,0,11111111111111111111111111111111,1
606,606,0,11111111111111111111111111111111,1
607,607,0,11111111111111111111111111111111,1
608,608,0,00000000000000000000010001100010,1
609,609,0,11111111111111111111111111111111,1
610,610,0,11111111111111111111111111111111,1
611,611,0,11111111111111111111111111111111,1
612,612,0,11111111111111111111111111111111,1
613,613,0,00000000000000000000010001101101,1
614,614,0,11111111111111111111111111111111,1
615,615,0,11111111111111111111111111111111,1
616,616,0,11111111111111111111111111111111,1
617,617,0,11111111111111111111111111111111,1
618,618,0,00000000000000000000010001111000,1
619,619,0,11111111111111111111111111111111,1
620,620,0,11111111111111111111111111111111,1
621,621,0,11111111111111111111111111111111,1
622,622,0,11111111111111111111111111111111,1
623,623,0,00000000000000000000010010000011,1
624,624,0,11111111111111111111111111111111,1
625,625,0,11111111111111111111111111111111,1
626,626,0,11111111111111111111111111111111,1
627,627,0,11111111111111111111111111111111,1
628,628,0,11111111111111111111111111111111,1
629,629,0,00000000000000000000010010101101,1
630,630,0,11111111111111111111111111111111,1
631,631,0,11111111111111111111111111111111,1
632,632,0,11111111111111111111111111111111,1
633,633,0,11111111111111111111111111111111,1
634,634,0,11111111111111111111111111111111,1
635,635,0,00000000000000000000010010001111,1
636,636,0,11111111111111111111111111111111,1
637,637,0,11111111111111111111111111111111,1
638,638,0,11111111111111111111111111111111,1
639,639,0,11111111111111111111111111111111,1
640,640,0,11111111111111111111111111111111,1
641,641,0,00000000000000000000010010011000,1
642,642,0,11111111111111111111111111111111,1
643,643,0,11111111111111111111111111111111,1
644,644,0,11111111111111111111111111111111,1
645,645,0,11111111111111111111111111111111,1
646,646,0,11111111111111111111111111111111,1
647,647,0,00000000000000000000010010100001,1
648,648,0,11111111111111111111111111111111,1
649,649,0,11111111111111111111111111111111,1
650,650,0,11111111111111111111111111111111,1
651,651,0,11111111111111111111111111111111,1
652,652,0,11111111111111111111111111111111,1
653,653,0,00000000000000000000010010101010,1
654,654,0,11111111111111111111111111111111,1
655,655,0,11111111111111111111111111111111,1
656,656,0,11111111111111111111111111111111,1
657,657,0,11111111111111111111111111111111,1
658,658,0,11111111111111111111111111111111,1
659,659,0,00000000000000000000010010110011,1
660,660,0,11111111111111111111111111111111,1
661,661,0,11111111111111111111111111111111,1
662,662,0,11111111111111111111111111111111,1
663,663,0,11111111111111111111111111111111,1
664,664,0,11111111111111111111111111111111,1
665,665,0,00000000000000000000010010001101,1
666,666,0,11111111111111111111111111111111,1
667,667,0,11111111111111111111111111111111,1
668,668,0,11111111111111111111111111111111,1
669,669,0,11111111111111111111111111111111,1
670,670,0,11111111111111111111111111111111,1
671,671,0,00000000000000000000010010010110,1
672,672,0,11111111111111111111111111111111,1
673,673,0,11111111111111111111111111111111,1
674,674,0,11111111111111111111111111111111,1
675,675,0,11111111111111111111111111111111,1
676,676,0,11111111111111111111111111111111,1
677,677,0,00000000000000000000010010011111,1
678,678,0,11111111111111111111111111111111,1
679,679,0,11111111111111111111111111111111,1
680,680,0,11111111111111111111111111111111,1
681,681,0,11111111111111111111111111111111,1
682,682,0,11111111111111111111111111111111,1
683,683,0,00000000000000000000010010101000,1
684,684,0,11111111111111111111111111111111,1
685,685,0,11111111111111111111111111111111,1
686,686,0,11111111111111111111111111111111,1
687,687,0,11111111111111111111111111111111,1
688,688,0,11111111111111111111111111111111,1
689,689,0,00000000000000000000010010110001,1
690,690,0,11111111111111111111111111111111,1
691,691,0,11111111111111111111111111111111,1
692,692,0,11111111111111111111111111111111,1
693,693,0,11111111111111111111111111111111,1
694,694,0,11111111111111111111111111111111,1
695,695,0,00000000000000000000010010000001,1
696,696,0,11111111111111111111111111111111,1
697,697,0,11111111111111111111111111111111,1
698,698,0,11111111111111111111111111111111,1
699,699,0,11111111111111111111111111111111,1
700,700,0,11111111111111111111111111111111,1
701,701,0,00000000000000000000010010010100,1
702,702,0,11111111111111111111111111111111,1
703,703,0,11111111111111111111111111111111,1
704,704,0,11111111111111111111111111111111,1
705,705,0,11111111111111111111111111111111,1
706,706,0,11111111111111111111111111111111,1
707,707,0,00000000000000000000010010011101,1
708,708,0,11111111111111111111111111111111,1
709,709,0,11111111111111111111111111111111,1
710,710,0,11111111111111111111111111111111,1
711,711,0,11111111111111111111111111111111,1
712,712,0,11111111111111111111111111111111,1
713,713,0,00000000000000000000010010100110,1
714,714,0,11111111111111111111111111111111,1
715,715,0,11111111111111111111111111111111,1
716,716,0,11111111111111111111111111111111,1
717,717,0,11111111111111111111111111111111,1
718,718,0,11111111111111111111111111111111,1
719,719,0,00000000000000000000010010101111,1
720,720,0,11111111111111111111111111111111,1
721,721,0,11111111111111111111111111111111,1
722,722,0,11111111111111111111111111111111,1
723,723,0,11111111111111111111111111111111,1
724,724,0,11111111111111111111111111111111,1
725,725,0,11111111111111111111111111111111,1
726,726,0,00000000000000000000010010010001,1
727,727,0,11111111111111111111111111111111,1
728,728,0,11111111111111111111111111111111,1
729,729,0,11111111111111111111111111111111,1
730,730,0,11111111111111111111111111111111,1
731,731,0,11111111111111111111111111111111,1
732,732,0,00000000000000000000010010100010,1
733,733,0,11111111111111111111111111111111,1
734,734,0,11111111111111111111111111111111,1
735,735,0,11111111111111111111111111111111,1
736,736,0,11111111111111111111111111111111,1
737,737,0,11111111111111111111111111111111,1
738,738,0,00000000000000000000010010101011,1
739,739,0,11111111111111111111111111111111,1
740,740,0,11111111111111111111111111111111,1
741,741,0,11111111111111111111111111111111,1
742,742,0,11111111111111111111111111111111,1
743,743,0,11111111111111111111111111111111,1
744,744,0,00000000000000000000010010110100,1
745,745,0,11111111111111111111111111111111,1
746,746,0,11111111111111111111111111111111,1
747,747,0,11111111111111111111111111111111,1
748,748,0,11111111111111111111111111111111,1
749,749,0,11111111111111111111111111111111,1
750,750,0,00000000000000000000010010001110,1
751,751,0,11111111111111111111111111111111,1
752,752,0,11111111111111111111111111111111,1
753,753,0,11111111111111111111111111111111,1
754,754,0,11111111111111111111111111111111,1
755,755,0,11111111111111111111111111111111,1
756,756,0,00000000000000000000010010010111,1
757,757,0,11111111111111111111111111111111,1
758,758,0,11111111111111111111111111111111,1
759,759,0,11111111111111111111111111111111,1
760,760,0,11111111111111111111111111111111,1
761,761,0,11111111111111111111111111111111,1
762,762,0,00000000000000000000010010100000,1
763,763,0,11111111111111111111111111111111,1
764,764,0,11111111111111111111111111111111,1
765,765,0,11111111111111111111111111111111,1
766,766,0,11111111111111111111111111111111,1
767,767,0,11111111111111111111111111111111,1
768,768,0,00000000000000000000010010101001,1
769,769,0,11111111111111111111111111111111,1
770,770,0,11111111111111111111111111111111,1
771,771,0,11111111111111111111111111111111,1
772,772,0,11111111111111111111111111111111,1
773,773,0,11111111111111111111111111111111,1
774,774,0,00000000000000000000010010110010,1
775,775,0,11111111111111111111111111111111,1
776,776,0,11111111111111111111111111111111,1
777,777,0,11111111111111111111111111111111,1
778,778,0,11111111111111111111111111111111,1
779,779,0,11111111111111111111111111111111,1
780,780,0,00000000000000000000010010001100,1
781,781,0,11111111111111111111111111111111,1
782,782,0,11111111111111111111111111111111,1
783,783,0,11111111111111111111111111111111,1
784,784,0,11111111111111111111111111111111,1
785,785,0,11111111111111111111111111111111,1
786,786,0,00000000000000000000010010010101,1
787,787,0,11111111111111111111111111111111,1
788,788,0,11111111111111111111111111111111,1
789,789,0,11111111111111111111111111111111,1
790,790,0,11111111111111111111111111111111,1
791,791,0,11111111111111111111111111111111,1
792,792,0,00000000000000000000010010011110,1
793,793,0,11111111111111111111111111111111,1
794,794,0,11111111111111111111111111111111,1
795,795,0,11111111111111111111111111111111,1
796,796,0,11111111111111111111111111111111,1
797,797,0,11111111111111111111111111111111,1
798,798,0,00000000000000000000010010100111,1
799,799,0,11111111111111111111111111111111,1
800,800,0,11111111111111111111111111111111,1
801,801,0,11111111111111111111111111111111,1
802,802,0,11111111111111111111111111111111,1
803,803,0,11111111111111111111111111111111,1
804,804,0,00000000000000000000010010110000,1
805,805,0,11111111111111111111111111111111,1
806,806,0,11111111111111111111111111111111,1
807,807,0,11111111111111111111111111111111,1
808,808,0,11111111111111111111111111111111,1
809,809,0,11111111111111111111111111111111,1
810,810,0,00000000000000000000010001110110,1
811,811,0,11111111111111111111111111111111,1
812,812,0,11111111111111111111111111111111,1
813,813,0,11111111111111111111111111111111,1
814,814,0,11111111111111111111111111111111,1
815,815,0,11111111111111111111111111111111,1
816,816,0,00000000000000000000010010010011,1
817,817,0,11111111111111111111111111111111,1
818,818,0,11111111111111111111111111111111,1
819,819,0,11111111111111111111111111111111,1
820,820,0,11111111111111111111111111111111,1
821,821,0,11111111111111111111111111111111,1
822,822,0,00000000000000000000010010011100,1
823,823,0,11111111111111111111111111111111,1
824,824,0,11111111111111111111111111111111,1
825,825,0,11111111111111111111111111111111,1
826,826,0,11111111111111111111111111111111,1
827,827,0,11111111111111111111111111111111,1
828,828,0,00000000000000000000010010100101,1
829,829,0,11111111111111111111111111111111,1
830,830,0,11111111111111111111111111111111,1
831,831,0,11111111111111111111111111111111,1
832,832,0,11111111111111111111111111111111,1
833,833,0,11111111111111111111111111111111,1
834,834,0,00000000000000000000010010101110,1
835,835,0,11111111111111111111111111111111,1
836,836,0,11111111111111111111111111111111,1
837,837,0,11111111111111111111111111111111,1
838,838,0,11111111111111111111111111111111,1
839,839,0,11111111111111111111111111111111,1
840,840,0,00000000000000000000010010010000,1
841,841,0,11111111111111111111111111111111,1
842,842,0,11111111111111111111111111111111,1
843,843,0,11111111111111111111111111111111,1
844,844,0,11111111111111111111111111111111,1
845,845,0,11111111111111111111111111111111,1
846,846,0,00000000000000000000010010011001,1
847,847,0,11111111111111111111111111111111,1
848,848,0,11111111111111111111111111111111,1
849,849,0,11111111111111111111111111111111,1
850,850,0,11111111111111111111111111111111,1
851,851,0,11111111111111111111111111111111,1
852,852,0,11111111111111111111111111111111,1
853,853,0,00000000000000000000010011000110,1
854,854,0,11111111111111111111111111111111,1
855,855,0,11111111111111111111111111111111,1
856,856,0,11111111111111111111111111111111,1
857,857,0,11111111111111111111111111111111,1
858,858,0,11111111111111111111111111111111,1
859,859,0,11111111111111111111111111111111,1
860,860,0,00000000000000000000010010111010,1
861,861,0,11111111111111111111111111111111,1
862,862,0,11111111111111111111111111111111,1
863,863,0,11111111111111111111111111111111,1
864,864,0,11111111111111111111111111111111,1
865,865,0,11111111111111111111111111111111,1
866,866,0,11111111111111111111111111111111,1
867,867,0,00000000000000000000010011001111,1
868,868,0,11111111111111111111111111111111,1
869,869,0,11111111111111111111111111111111,1
870,870,0,11111111111111111111111111111111,1
871,871,0,11111111111111111111111111111111,1
872,872,0,11111111111111111111111111111111,1
873,873,0,11111111111111111111111111111111,1
874,874,0,00000000000000000000010011000011,1
875,875,0,11111111111111111111111111111111,1
876,876,0,11111111111111111111111111111111,1
877,877,0,11111111111111111111111111111111,1
878,878,0,11111111111111111111111111111111,1
879,879,0,11111111111111111111111111111111,1
880,880,0,11111111111111111111111111111111,1
881,881,0,00000000000000000000010011011000,1
882,882,0,11111111111111111111111111111111,1
883,883,0,11111111111111111111111111111111,1
884,884,0,11111111111111111111111111111111,1
885,885,0,11111111111111111111111111111111,1
886,886,0,11111111111111111111111111111111,1
887,887,0,11111111111111111111111111111111,1
888,888,0,00000000000000000000010010111000,1
889,889,0,11111111111111111111111111111111,1
890,890,0,11111111111111111111111111111111,1
891,891,0,11111111111111111111111111111111,1
892,892,0,11111111111111111111111111111111,1
893,893,0,11111111111111111111111111111111,1
894,894,0,11111111111111111111111111111111,1
895,895,0,00000000000000000000010011001101,1
896,896,0,11111111111111111111111111111111,1
897,897,0,11111111111111111111111111111111,1
898,898,0,11111111111111111111111111111111,1
899,899,0,11111111111111111111111111111111,1
900,900,0,11111111111111111111111111111111,1
901,901,0,11111111111111111111111111111111,1
902,902,0,00000000000000000000010011000001,1
903,903,0,11111111111111111111111111111111,1
904,904,0,11111111111111111111111111111111,1
905,905,0,11111111111111111111111111111111,1
906,906,0,11111111111111111111111111111111,1
907,907,0,11111111111111111111111111111111,1
908,908,0,11111111111111111111111111111111,1
909,909,0,00000000000000000000010011010110,1
910,910,0,11111111111111111111111111111111,1
911,911,0,11111111111111111111111111111111,1
912,912,0,11111111111111111111111111111111,1
913,913,0,11111111111111111111111111111111,1
914,914,0,11111111111111111111111111111111,1
915,915,0,11111111111111111111111111111111,1
916,916,0,00000000000000000000010010110110,1
917,917,0,11111111111111111111111111111111,1
918,918,0,11111111111111111111111111111111,1
919,919,0,11111111111111111111111111111111,1
920,920,0,11111111111111111111111111111111,1
921,921,0,11111111111111111111111111111111,1
922,922,0,11111111111111111111111111111111,1
923,923,0,00000000000000000000010011001011,1
924,924,0,11111111111111111111111111111111,1
925,925,0,11111111111111111111111111111111,1
926,926,0,11111111111111111111111111111111,1
927,927,0,11111111111111111111111111111111,1
928,928,0,11111111111111111111111111111111,1
929,929,0,11111111111111111111111111111111,1
930,930,0,00000000000000000000010010111111,1
931,931,0,11111111111111111111111111111111,1
932,932,0,11111111111111111111111111111111,1
933,933,0,11111111111111111111111111111111,1
934,934,0,11111111111111111111111111111111,1
935,935,0,11111111111111111111111111111111,1
936,936,0,11111111111111111111111111111111,1
937,937,0,00000000000000000000010011010100,1
938,938,0,11111111111111111111111111111111,1
939,939,0,11111111111111111111111111111111,1
940,940,0,11111111111111111111111111111111,1
941,941,0,11111111111111111111111111111111,1
942,942,0,11111111111111111111111111111111,1
943,943,0,11111111111111111111111111111111,1
944,944,0,00000000000000000000010010101100,1
945,945,0,11111111111111111111111111111111,1
946,946,0,11111111111111111111111111111111,1
947,947,0,11111111111111111111111111111111,1
948,948,0,11111111111111111111111111111111,1
949,949,0,11111111111111111111111111111111,1
950,950,0,11111111111111111111111111111111,1
951,951,0,00000000000000000000010011001001,1
952,952,0,11111111111111111111111111111111,1
953,953,0,11111111111111111111111111111111,1
954,954,0,11111111111111111111111111111111,1
955,955,0,11111111111111111111111111111111,1
956,956,0,11111111111111111111111111111111,1
957,957,0,11111111111111111111111111111111,1
958,958,0,00000000000000000000010010111101,1
959,959,0,11111111111111111111111111111111,1
960,960,0,11111111111111111111111111111111,1
961,961,0,11111111111111111111111111111111,1
962,962,0,11111111111111111111111111111111,1
963,963,0,11111111111111111111111111111111,1
964,964,0,11111111111111111111111111111111,1
965,965,0,00000000000000000000010011010010,1
966,966,0,11111111111111111111111111111111,1
967,967,0,11111111111111111111111111111111,1
968,968,0,11111111111111111111111111111111,1
969,969,0,11111111111111111111111111111111,1
970,970,0,11111111111111111111111111111111,1
971,971,0,11111111111111111111111111111111,1
972,972,0,00000000000000000000010010011010,1
973,973,0,11111111111111111111111111111111,1
974,974,0,11111111111111111111111111111111,1
975,975,0,11111111111111111111111111111111,1
976,976,0,11111111111111111111111111111111,1
977,977,0,11111111111111111111111111111111,1
978,978,0,11111111111111111111111111111111,1
979,979,0,00000000000000000000010011000111,1
980,980,0,11111111111111111111111111111111,1
981,981,0,11111111111111111111111111111111,1
982,982,0,11111111111111111111111111111111,1
983,983,0,11111111111111111111111111111111,1
984,984,0,11111111111111111111111111111111,1
985,985,0,11111111111111111111111111111111,1
986,986,0,00000000000000000000010010111011,1
987,987,0,11111111111111111111111111111111,1
988,988,0,11111111111111111111111111111111,1
989,989,0,11111111111111111111111111111111,1
990,990,0,11111111111111111111111111111111,1
991,991,0,11111111111111111111111111111111,1
992,992,0,11111111111111111111111111111111,1
993,993,0,00000000000000000000010011010000,1
994,994,0,11111111111111111111111111111111,1
995,995,0,11111111111111111111111111111111,1
996,996,0,11111111111111111111111111111111,1
997,997,0,11111111111111111111111111111111,1
998,998,0,11111111111111111111111111111111,1
999,999,0,11111111111111111111111111111111,1
1000,1000,0,00000000000000000000010011000100,1
1001,1001,0,11111111111111111111111111111111,1
1002,1002,0,11111111111111111111111111111111,1
1003,1003,0,11111111111111111111111111111111,1
1004,1004,0,11111111111111111111111111111111,1
1005,1005,0,11111111111111111111111111111111,1
1006,1006,0,11111111111111111111111111111111,1
1007,1007,0,00000000000000000000010011011001,1
1008,1008,0,11111111111111111111111111111111,1
1009,1009,0,11111111111111111111111111111111,1
1010,1010,0,11111111111111111111111111111111,1
1011,1011,0,11111111111111111111111111111111,1
1012,1012,0,11111111111111111111111111111111,1
1013,1013,0,11111111111111111111111111111111,1
1014,1014,0,00000000000000000000010010111001,1
1015,1015,0,11111111111111111111111111111111,1
1016,1016,0,11111111111111111111111111111111,1
1017,1017,0,11111111111111111111111111111111,1
1018,1018,0,11111111111111111111111111111111,1
1019,1019,0,11111111111111111111111111111111,1
1020,1020,0,11111111111111111111111111111111,1
1021,1021,0,00000000000000000000010011001110,1
1022,1022,0,11111111111111111111111111111111,1
